<?xml version="1.0" encoding="UTF-8"?>
<style-scheme id="user-2" _name="User Style" version="1.0">
  <author>Current User</author>
  <_description>User Defined Style</_description>
  <style name="text"                foreground="#000000" background="#ffffff"/>
  <style name="selection"           foreground="#ffffff" background="#43ace8"/>
  <style name="cursor"              foreground="#000000"/>
  <style name="current-line"        background="#eef6ff"/>
  <style name="current-line-number" background="#eef6ff"/>
  <style name="line-numbers"        foreground="#000000" background="#d6d2d0"/>
</style-scheme>
