<?xml version="1.0" encoding="UTF-8"?>
<style-scheme id="user-1" _name="User Style" version="1.0">
  <author>Current User</author>
  <_description>User Defined Style</_description>
  <style name="text"                foreground="#ffffff" background="#000000"/>
  <style name="selection"           foreground="#ffffff" background="#0088ff"/>
  <style name="cursor"              foreground="#ffffff"/>
  <style name="current-line"        background="#003b70"/>
  <style name="current-line-number" background="#003b70"/>
  <style name="line-numbers"        foreground="#777777" background="#000d1a"/>
</style-scheme>
